config_novalnet_api;"<b style='color:red;width: 800px;'>Novalnet API-Konfiguration</b>"
config_novalnet_secret_key;"Produktaktivierungsschlüssel"
config_novalnet_success_msg;"Die Novalnet-Händlerdaten wurden erfolgreich eingestellt. Um fortzufahren, öffnen und speichern Sie bitte die Novalnet-Zahlungseinstellungen."
config_description_novalnet_secret_key;"Ihr Produktaktivierungsschlüssel ist ein eindeutiges Token für die Händlerauthentifizierung und Zahlungsabwicklung. Ihren Produktaktivierungsschlüssel finden Sie im Novalnet Admin-Portal: PROJEKT > Wählen Sie Ihr Projekt > Shop-Parameter > API-Signatur (Produktaktivierungsschlüssel)"
config_NClass;"Klicken Sie hier, um die Novalnet-API automatisch zu konfigurieren."
config_novalnet_vendor;"Händler-ID"
config_novalnet_client_key;"Schlüsselkunde";
config_novalnet_auth_code;"Authentifizierungscode"
config_novalnet_product;"Projekt-ID"
config_novalnet_tariff;"Tarif-ID"
config_description_novalnet_tariff_val;"Tarif-ID auswählen"
config_description_novalnet_tariff;"Wählen Sie eine Tarif-ID, die dem bevorzugten Tarifplan entspricht, den Sie im Novalnet Admin-Portal für dieses Projekt erstellt haben"
config_novalnet_password;"Zahlungs-Zugriffsschlüssel"
config_description_novalnet_manual_check_limit;"Übersteigt der Bestellbetrag das genannte Limit, wird die Transaktion, bis zu ihrer Bestätigung durch Sie, auf on hold gesetzt. Sie können das Feld leer lassen, wenn Sie möchten, dass alle Transaktionen als on hold behandelt werden."
config_novalnet_payment_logo_display;"Zahlungslogo anzeigen"
config_description_novalnet_payment_logo_display;"Das Logo der Zahlungsart wird auf der Checkout-Seite angezeigt"

novalnet_guarantee_cancellation;"Die Transaktion wurde am %s um %s  Uhr storniert"
novalnet_guarantee_confirmation;"Die Buchung wurde am %s um %s Uhr bestätigt."
novalnet_guarantee_on_hold;"Der Status der Transaktion mit der TID: %s wurde am %s um %s Uhr von ausstehend auf ausgesetzt geändert."
config_novalnet_order_status;"<b style='color:red;width: 800px;'>Verwaltung des Bestellstatus für ausgesetzte Zahlungen</b>"
config_novalnet_onhold_order_complete;"On-hold-Bestellstatus"
config_novalnet_onhold_order_cancelled;"Status für stornierte Zahlungen"

config_novalnetcc_cciframe;"<b style='width: 800px;'>Darstellung des Formulars</b>"
config_novalnetcc_field_configuration;"<b style='width: 600px;'>CSS-Einstellungen für den iFrame mit Kreditkartendaten</b>"
config_novalnetcc_form_fields;"<b style='width: 500px;'>Formularfelder</b>"
config_novalnetcc_holder_name;"<b style='width: 500px;'>Name des Karteninhabers</b>"
config_novalnetcc_holder_label;"Beschriftung"
config_novalnetcc_holder_field;"Eingabefeld"
config_novalnetcc_capture;"Aktion für vom Besteller autorisierte Zahlungen"
config_novalnetcc_card_number;"<b style='width: 500px;'>Kreditkartennummer</b>"
config_novalnetcc_card_number_label;"Beschriftung"
config_novalnetcc_card_number_field;"Eingabefeld"
config_novalnetcc_expiry_date;"<b style='width: 500px;'>Ablaufdatum</b>"
config_novalnetcc_expiry_date_label;"Beschriftung"
config_novalnetcc_expiry_date_field;"Eingabefeld"
config_novalnetcc_cvc;"<b style='width: 500px;'>CVC/CVV/CID</b>"
config_novalnetcc_cvc_label;"Beschriftung"
config_novalnetcc_cvc_field;"Eingabefeld"
config_novalnetcc_standard_configuration;"<b style='width: 800px;'>CSS-Einstellungen für den iFrame mit Kreditkartendaten</b>"
config_novalnetcc_standard_label;"Beschriftung"
config_novalnetcc_standard_field;"Eingabe"
config_novalnetcc_standard_text;"Text für das CSS"

config_novalnetcallback;"<b style='color:red;width: 800px;'>Verwaltung des Händlerskripts</b>"
config_novalnetcallback_test_mode;"Manuelles Testen der Benachrichtigungs / Webhook-URL erlauben"
config_description_novalnetcallback_test_mode;"Aktivieren Sie diese Option, um die Novalnet-Benachrichtigungs-/Webhook-URL manuell zu testen. Deaktivieren Sie die Option, bevor Sie Ihren Shop liveschalten, um unautorisierte Zugriffe von Dritten zu blockieren."

config_novalnet_callback_mail_send;"E-Mail-Benachrichtigungen einschalten"
config_novalnet_callback_mail_send_to;"E-Mails senden an"
config_description_novalnet_callback_mail_send_to;"E-Mail-Benachrichtigungen werden an diese E-Mail-Adresse gesendet"
config_novalnet_callback_notification_url;"Benachrichtigungs- / Webhook-URL"
config_description_novalnet_callback_notification_url;"Sie müssen die folgende Webhook-URL im Novalnet Admin-Portal hinzufügen. Dadurch können Sie Benachrichtigungen über den Transaktionsstatus erhalten"


config_novalnetinvoice;"<b style='color:red;width: 800px;'>Rechnung</b>"
config_novalnetinvoice_test_mode;"Testmodus aktivieren"
config_description_novalnetinvoice_test_mode;"Die Zahlung wird im Testmodus durchgeführt, daher wird der Betrag für diese Transaktion nicht eingezogen"
config_novalnetinvoice_due_date;"Fälligkeitsdatum (in Tagen)"
config_novalnetprepayment_due_date;"Fälligkeitsdatum (in Tagen)"
config_description_novalnetinvoice_due_date;"Anzahl der Tage, die der Käufer Zeit hat, um den Betrag an Novalnet zu überweisen (muss zwischen 7 und 28 Tagen liegen). Wenn Sie dieses Feld leer lassen, werden standardmäßig 14 Tage als Fälligkeitsdatum festgelegt."
config_novalnetinvoice_payment_notification_to_buyer;"Benachrichtigung des Käufers"
config_description_novalnetinvoice_payment_notification_to_buyer;"Der eingegebene Text wird auf der Checkout-Seite angezeigt."
config_novalnetinvoice_before_paymenstatus;"Status für abgeschlossene Zahlungen"
config_novalnetinvoice_guarantee_before_paymenstatus;"Status für offene Zahlungen"
config_novalnetinvoice_after_paymenstatus;"Durch das Callback-Skript übermittelter Zahlungsstatus"
config_novalnetinvoice_guarantee_payment;"Zahlungsgarantie aktivieren"
config_novalnetinvoice_capture;"Aktion für vom Besteller autorisierte Zahlungen"   
config_description_novalnetinvoice_guarantee_payment;"Grundanforderungen für die Zahlungsgarantie<br /><br />Zugelassene Staaten: AT, DE, CH<br />Erlaubte B2B-Länder: Europa<br /> Zugelassene Währung: EUR<br />Mindestbetrag der Bestellung: 9,99 EUR<br />Mindestalter: 18 Jahre<br />Rechnungsadresse und Lieferadresse müssen übereinstimmen"
config_novalnetinvoice_guaruntee_minimum;"Mindestbestellbetrag (in der kleinsten Währungseinheit, z.B. 100 Cent = entsprechen 1.00 EUR)"
config_novalnetinvoice_force_guarantee_payment;"Zahlung ohne Zahlungsgarantie erzwingen"
config_description_novalnetinvoice_force_guarantee_payment;"Falls die Zahlungsgarantie zwar aktiviert ist, jedoch die Voraussetzungen für Zahlungsgarantie nicht erfüllt sind, wird die Zahlung ohne Zahlungsgarantie verarbeitet. Die Voraussetzungen finden Sie in der Installationsanleitung unter "Zahlungsgarantie aktivieren"

config_novalnetcashpayment_payment_notification_to_buyer;"Benachrichtigung des Käufers"
config_novalnetcashpayment_before_paymenstatus;"Status für abgeschlossene Zahlungen"
config_novalnetcashpayment_after_paymenstatus;"Durch das Callback-Skript übermittelter Zahlungsstatus"
config_description_novalnetcashpayment_payment_notification_to_buyer;"Der eingegebene Text wird auf der Checkout-Seite angezeigt."
config_novalnetcashpayment_due_date;"Verfallsdatum des Zahlscheins (in Tagen)"
config_description_novalnetcashpayment_due_date;"Anzahl der Tage, die der Käufer Zeit hat, um den Betrag in einer Filiale zu bezahlen. Wenn Sie dieses Feld leer lassen, ist der Zahlschein standardmäßig 14 Tage lang gültig."
config_novalnetcashpayment;"<b style='color:red;width: 800px;'>Barzahlen/viacash</b>"
config_novalnetcashpayment_test_mode;"Testmodus aktivieren"
config_description_novalnetcashpayment_test_mode;"Die Zahlung wird im Testmodus durchgeführt, daher wird der Betrag für diese Transaktion nicht eingezogen."

config_novalnetprepayment;"<b style='color:red;width: 800px;'>Vorkasse</b>"
config_novalnetprepayment_test_mode;"Testmodus aktivieren"
config_description_novalnetprepayment_test_mode;"Die Zahlung wird im Testmodus durchgeführt, daher wird der Betrag für diese Transaktion nicht eingezogen."
config_novalnetprepayment_payment_notification_to_buyer;"Benachrichtigung des Käufers"
config_description_novalnetprepayment_payment_notification_to_buyer;"Der eingegebene Text wird auf der Checkout-Seite angezeigt."
config_novalnetprepayment_before_paymenstatus;"Status für abgeschlossene Zahlungen"
config_novalnetprepayment_after_paymenstatus;"Durch das Callback-Skript übermittelter Zahlungsstatus"


config_novalnetcc;"<b style='color:red;width: 800px;'>Kredit/Debitkarte</b>"
config_novalnetcc_test_mode;"Testmodus aktivieren"
config_description_novalnetcc_test_mode;"Die Zahlung wird im Testmodus durchgeführt, daher wird der Betrag für diese Transaktion nicht eingezogen."
config_novalnetcc_cc3d;"3D-Secure aktivieren"
config_description_novalnetcc_cc3d;"3D-Secure wird für Kreditkarten aktiviert. Die kartenausgebende Bank fragt vom Käufer ein Passwort ab, welches helfen soll, betrügerische Zahlungen zu verhindern. Dies kann von der kartenausgebenden Bank als Beweis verwendet werden, dass der Käufer tatsächlich der Inhaber der Kreditkarte ist. Damit soll das Risiko von Chargebacks verringert werden."
config_novalnetcc_amex_enabled;"AMEX-Logo anzeigen"
config_novalnetcc_maestro_enabled;"Maestro-Logo anzeigen"
config_novalnetcc_shopping_type;"Einkaufstyp"
config_description_novalnetcc_shopping_type;"Zahlungsdaten, die während des Bestellvorgangs gespeichert werden, können für zukünftige Zahlungen verwendet werden."
config_description_novalnetcc_valid_year_limit;"Geben Sie die Zahl für das maximale Limit des Kreditkarten-Ablaufjahres ein. Falls dieses Feld leer ist, wird ein Limit von 25 Jahren ab dem aktuellen Jahr als Standard gesetzt."
config_novalnetcc_payment_notification_to_buyer;"Benachrichtigung des Käufers"
config_description_novalnetcc_payment_notification_to_buyer;"Der eingegebene Text wird auf der Checkout-Seite angezeigt."
config_novalnetcc_after_paymenstatus;" Status für abgeschlossene Zahlungen"


config_novalnetsepa;"<b style='color:red;width: 800px;'>SEPA-Lastschrift</b>"
config_novalnetsepa_test_mode;"Testmodus aktivieren"
config_description_novalnetsepa_test_mode;"Die Zahlung wird im Testmodus durchgeführt, daher wird der Betrag für diese Transaktion nicht eingezogen."
config_novalnetsepa_due_date;"Fälligkeitsdatum (in Tagen)"
config_description_novalnetsepa_due_date;"Geben Sie die Anzahl der Tage ein, nach denen der Zahlungsbetrag eingezogen werden soll (muss zwischen 2 und 14 Tagen liegen)."
config_novalnetsepa_shopping_type;"Einkaufstyp"
config_novalnetsepa_capture;"Aktion für vom Besteller autorisierte Zahlungen"
config_description_novalnetsepa_shopping_type;"Einkaufstyp auswählen"
config_novalnetsepa_payment_notification_to_buyer;"Benachrichtigung des Käufers"
config_description_novalnetsepa_payment_notification_to_buyer;"Der eingegebene Text wird auf der Checkout-Seite angezeigt."
config_novalnetsepa_after_paymenstatus;"Status für abgeschlossene Zahlungen"
config_novalnetsepa_guarantee_payment;"Zahlungsgarantie aktivieren"
config_novalnetsepa_guarantee_before_paymenstatus;"Status für offene Zahlungen"
config_description_novalnetsepa_guarantee_payment;"Grundanforderungen für die Zahlungsgarantie<br /><br />Zugelassene Staaten: AT, DE, CH<br />Zugelassene Währung: EUR<br />Mindestbetrag der Bestellung >= 9,99 EUR<br />Mindestalter des Endkunden >= 18 Jahre<br />Rechnungsadresse und Lieferadresse müssen übereinstimmen<br />Geschenkgutscheine / Coupons sind nicht erlaubt"
config_novalnetsepa_force_guarantee_payment;"Zahlung ohne Zahlungsgarantie erzwingen"
config_description_novalnetsepa_force_guarantee_payment;"Falls die Zahlungsgarantie zwar aktiviert ist, jedoch die Voraussetzungen für Zahlungsgarantie nicht erfüllt sind, wird die Zahlung ohne Zahlungsgarantie verarbeitet. Die Voraussetzungen finden Sie in der Installationsanleitung unter "Zahlungsgarantie aktivieren"


config_novalnetinstant;"<b style='color:red;width: 800px;'>Sofortüberweisung</b>"
config_novalnetinstant_test_mode;"Testmodus aktivieren"
config_description_novalnetinstant_test_mode;"Die Zahlung wird im Testmodus durchgeführt, daher wird der Betrag für diese Transaktion nicht eingezogen"
config_novalnetinstant_payment_notification_to_buyer;"Benachrichtigung des Käufers"
config_description_novalnetinstant_payment_notification_to_buyer;"Der eingegebene Text wird auf der Checkout-Seite angezeigt."
config_novalnetinstant_after_paymenstatus;" Status für abgeschlossene Zahlungen"


config_novalnetpaypal;"<b style='color:red;width: 800px;'>PayPal</b>"
config_novalnetgiropay;"<b style='color:red;width: 800px;'>giropay</b>"
config_novalnetpaypal_test_mode;"Testmodus aktivieren"
config_description_novalnetpaypal_test_mode;"Die Zahlung wird im Testmodus durchgeführt, daher wird der Betrag für diese Transaktion nicht eingezogen."
config_novalnetgiropay_test_mode;"Testmodus aktivieren"
config_description_novalnetgiropay_test_mode;"Die Zahlung wird im Testmodus durchgeführt, daher wird der Betrag für diese Transaktion nicht eingezogen."
config_novalnetpaypal_payment_notification_to_buyer;"Benachrichtigung des Käufers"
config_novalnetgiropay_payment_notification_to_buyer;"Benachrichtigung des Käufers"
config_description_novalnetpaypal_payment_notification_to_buyer;"Der eingegebene Text wird auf der Checkout-Seite angezeigt."
config_description_novalnetgiropay_payment_notification_to_buyer;"Der eingegebene Text wird auf der Checkout-Seite angezeigt."
config_novalnetpaypal_before_paymenstatus;"Status für ausstehende Zahlungen"
config_novalnetpaypal_capture;"Aktion für vom Besteller autorisierte Zahlungen"
config_novalnetpaypal_after_paymenstatus;" Status für abgeschlossene Zahlungen"
config_novalnetgiropay_after_paymenstatus;" Status für abgeschlossene Zahlungen"
config_novalnetpaypal_shopping_type;"Einkaufstyp"
config_description_novalnetpaypal_shopping_type;"Zahlungsdaten, die während des Bestellvorgangs gespeichert werden, können für zukünftige Zahlungen verwendet werden."

config_novalnetprzelewy24;"<b style='color:red;width: 800px;'>Przelewy24</b>"
config_novalnetprzelewy24_test_mode;"Testmodus aktivieren"
config_description_novalnetprzelewy24_test_mode;"Die Zahlung wird im Testmodus durchgeführt, daher wird der Betrag für diese Transaktion nicht eingezogen."
config_novalnetprzelewy24_payment_notification_to_buyer;"Benachrichtigung des Käufers"
config_description_novalnetprzelewy24_payment_notification_to_buyer;"Der eingegebene Text wird auf der Checkout-Seite angezeigt."
config_novalnetprzelewy24_before_paymenstatus;"Status für ausstehende Zahlungen"
config_novalnetprzelewy24_after_paymenstatus;" Status für abgeschlossene Zahlungen"

config_novalnetideal;"<b style='color:red;width: 800px;'>iDEAL</b>"
config_novalnetideal_test_mode;"Testmodus aktivieren"
config_description_novalnetideal_test_mode;"Die Zahlung wird im Testmodus durchgeführt, daher wird der Betrag für diese Transaktion nicht eingezogen."
config_novalnetideal_payment_notification_to_buyer;"Benachrichtigung des Käufers"
config_description_novalnetideal_payment_notification_to_buyer;"Der eingegebene Text wird auf der Checkout-Seite angezeigt."
config_novalnetideal_after_paymenstatus;" Status für abgeschlossene Zahlungen"

config_novalneteps;"<b style='color:red;width: 800px;'>EPS</b>"
config_novalneteps_test_mode;"Testmodus aktivieren"
config_description_novalneteps_test_mode;"Die Zahlung wird im Testmodus durchgeführt, daher wird der Betrag für diese Transaktion nicht eingezogen."
config_novalneteps_payment_notification_to_buyer;"Benachrichtigung des Käufers"
config_description_novalneteps_payment_notification_to_buyer;"Der eingegebene Text wird auf der Checkout-Seite angezeigt."
config_novalneteps_after_paymenstatus;"Status für abgeschlossene Zahlungen"

config_field_no;"Falsch"
config_field_yes;"Wahr"
config_capture;"Zahlung einziehen"
config_authorize;"Zahlung autorisieren"
config_pin_field_not_active;"Keiner"
config_shop_type_oneclick;"Kauf mit einem Klick"
config_shop_type_zerobooking;"Transaktionen mit Betrag 0"
novalnet_order_operations_update_button;"Ändern"

payment_name_novalnetinvoice;"Rechnung"
payment_name_novalnetprepayment;"Vorkasse"
payment_name_novalnetcashpayment;"Barzahlen/viacash"
payment_name_novalnetcc;"Kredit/Debitkarte"
payment_name_novalnetsepa;"SEPA-Lastschrift"
payment_name_novalnetideal;"iDEAL"
payment_name_novalnetinstant;"Sofortüberweisung"
payment_name_novalnetpaypal;"PayPal"
payment_name_novalnetprzelewy24;"Przelewy24"
payment_name_novalneteps;"eps"
payment_name_novalnetgiropay;"giropay"
novalnet_url;"https://www.novalnet.de"

frontend_description_novalnetinvoice_prepayment;"Nachdem Sie die Bestellung abgeschickt haben, erhalten Sie eine Email mit den Bankdaten, um die Zahlung durchzuführen."
frontend_description_novalnetcashpayment;"Nach erfolgreichem Bestellabschluss erhalten Sie einen Zahlschein bzw. eine SMS. Damit können Sie Ihre Online-Bestellung bei einem unserer Partner im Einzelhandel (z.B. Drogerie, Supermarkt etc.) bezahlen"
frontend_description_novalnetcc;"Der Betrag wird Ihrer Kredit-/Debitkarte belastet."
frontend_description_novalnetsepa;"Der Betrag wird durch Novalnet von Ihrem Konto abgebucht"
frontend_description_novalnetideal;"Sie werden zu iDEAL weitergeleitet. Um eine erfolgreiche Zahlung zu gewährleisten, darf die Seite nicht geschlossen oder neu geladen werden, bis die Bezahlung abgeschlossen ist."
frontend_description_novalnetinstant;"Sie werden zu Sofortüberweisung weitergeleitet. Um eine erfolgreiche Zahlung zu gewährleisten, darf die Seite nicht geschlossen oder neu geladen werden, bis die Bezahlung abgeschlossen ist"
frontend_description_novalnetgiropay;"Sie werden zu giropay weitergeleitet. Um eine erfolgreiche Zahlung zu gewährleisten, darf die Seite nicht geschlossen oder neu geladen werden, bis die Bezahlung abgeschlossen ist"
frontend_description_novalnetprzelewy24;"Sie werden zu Przelewy24 weitergeleitet. Um eine erfolgreiche Zahlung zu gewährleisten, darf die Seite nicht geschlossen oder neu geladen werden, bis die Bezahlung abgeschlossen ist"
frontend_description_novalneteps;"Sie werden zu eps weitergeleitet. Um eine erfolgreiche Zahlung zu gewährleisten, darf die Seite nicht geschlossen oder neu geladen werden, bis die Bezahlung abgeschlossen ist"
frontend_description_novalnetpaypal;"Sie werden zu PayPal weitergeleitet. Um eine erfolgreiche Zahlung zu gewährleisten, darf die Seite nicht geschlossen oder neu geladen werden, bis die Bezahlung abgeschlossen ist"

trans_novalnet_confirm_successful_message;"Die Buchung wurde am %s um %s Uhr bestätigt."
trans_novalnet_confirm_deactivated_message;"Die Transaktion wurde am %s um %s Uhr storniert."


novalnet_message_test_order;"Testbestellung"
novalnet_order_operations_amountupdate;"Der Betrag der Transaktion %s wurde am %s um %s Uhr erfolgreich geändert"
novalnet_order_operations_duedate_update;"Die Transaktion wurde mit dem Betrag %s und dem Fälligkeitsdatum %s aktualisiert"
novalnet_order_operations_duedate_update_cashpayment;"Die Transaktion wurde mit dem Betrag %s %s aktualisiert und das Ablaufdatum des Belegs mit %s."

error_novalnet;"Novalnet-Fehlermeldung : "
error_novalnet_basicparam;"Füllen Sie bitte alle Pflichtfelder aus."
error_novalnet_invalidamount;"Ungültiger Betrag"
error_novalnet_general_message;"Ein Fehler trat auf und Ihre Zahlung konnte nicht abgeschlossen werden."
error_novalnet_due_date;"Das Datum sollte in der Zukunft liegen."
message_novalnet_refund_amount;"Die Rückerstattung für die TID %s mit dem Betrag %s am %s wurde veranlasst."
message_novalnet_refund_amount_1;"Die Rückerstattung für die TID %s mit dem Betrag %s am %s wurde veranlasst. TID der Folgebuchung: %s"

novalnet_redirect_text;"Weiterleitung..."
novalnet_redirect_info;"Bitte warten...<br />Nach der erfolgreichen Überprüfung werden Sie auf die abgesicherte Novalnet-Bestellseite umgeleitet, um die Zahlung fortzusetzen."

novalnet_payment_mail_invoice;"Bitte überweisen Sie den Betrag %s auf das unten stehende Konto"
novalnet_payment_valid_until;"Fälligkeitsdatum: "
novalnet_account_owner;"Kontoinhaber: "
novalnet_bank_name;"Bank: "
novalnet_bank_iban;"IBAN: "
novalnet_bank_bic;"BIC: "
novalnet_order_amount;"Betrag: "
novalnet_reference1;"Verwendungszweck 1"
novalnet_reference2;"Verwendungszweck 2"
novalnet_order_no;"Bestellnummer "
novalnet_tid_label;"Novalnet Transaktions-ID"
novalnet_text_please_select_status;"Wählen Sie bitte einen Status aus"
novalnet_php_Package_not_installed;"Erwähnt PHP-Paket (e) in diesem Server nicht verfügbar ist. Bitte aktivieren Sie sie."
novalnet_amount_date_update;"Sind Sie sich sicher, dass Sie den Betrag / das Fälligkeitsdatum der Bestellung ändern wollen?"
novalnet_amount_update;"Sind Sie sich sicher, dass Sie den Bestellbetrag ändern wollen?"
novalnet_description_1;"Um die Zahlungsart PayPal zu verwenden, geben Sie bitte Ihre PayPal-API-Daten in das <u><span onClick='%s' style='text-decoration: underline; font-weight: bold; color:#0080c9; cursor:pointer;'>Novalnet-Händleradministrationsportal.</span></u>"
novalnet_in_cents;"(in der kleinsten Währungseinheit, z.B. 100 Cent = entsprechen 1.00 EUR)"
novalnet_invoice_note_multiple_reference;"Bitte verwenden Sie einen der unten angegebenen Verwendungszwecke für die Überweisung.<br />Nur so kann Ihr Geldeingang Ihrer Bestellung zugeordnet werden"

novalnet_callback_executed_with_child_tid;"Die Gutschrift für die TID ist erfolgreich eingegangen: %s mit %s am %s. Bitte entnehmen Sie die TID den Einzelheiten der Bestellung bei BEZAHLT in unserem Novalnet Adminportal: %s."
novalnet_callback_executed_online_transfer;"Der Betrag von %s für die Bestellung %s wurde bezahlt. Überprüfen Sie bitten den erhaltenen Betrag und die Details zur TID und aktualisieren Sie den Status der Bestellung entsprechend."
novalnet_callback_chargeback_executed;"Chargeback erfolgreich importiert für die TID: %s: Betrag: %s am %s. TID der Folgebuchung: %s"
novalnet_callback_bookback_executed;"Rückerstattung / Bookback erfolgreich ausgeführt für die TID: %s: Betrag: %s am %s. TID der Folgebuchung: %s"
novalnet_callback_executed;"Die Buchung wurde am % Uhr bestätigt."
novalnet_callback_przelewy24_cancel;"Die Transaktion wurde storniert. Grund:  %s."
select_tariff;"Tarif-ID auswählen "
config_novalnet_api_save;"Klicken Sie hier, um die Novalnet-API automatisch zu konfigurieren."
config_description_novalnetcc_amex_enabled;"AMEX-Logo auf der Checkout-Seite anzeigen"
config_description_novalnetcc_maestro_enabled;"Maestro-Logo auf der Checkout-Seite anzeigen"
novalnet_payment_validate_invalid_directdebit_message;"Ihre Kontodaten sind ungültig"
novalnet_payment_common_error;"Die Zahlung war nicht erfolgreich. Ein Fehler trat auf."

novalnet_payment_validate_payment;"Leider konnte diese Bestellung nicht verarbeitet werden. Bitte geben Sie eine neue Bestellung auf."
novalnet_shop_errormsg;"Ihr Warenkorb enthält keine Produkte"
payment_novalnet_pinentry;"In Kürze erhalten Sie einen Telefonanruf mit der PIN zu Ihrer Transaktion, um die Zahlung abzuschließen"
novalnet_payment_validate_checkhash;"Während der Umleitung wurden einige Daten geändert. Die Überprüfung des Hashes schlug fehl."
customer_age_limit;"Sie müssen mindestens 18 Jahre alt sein."
customer_age_empty;"Geben Sie bitte Ihr Geburtsdatum ein"
invalid_company;"Eingabe in „Firmenname“ nicht zulässig"
customer_date_valid;"Ungültiges Datumsformat"
novalnet_payment_validate_invalid_cc_message;"Ihre Kreditkartendaten sind ungültig"
payment_novalnet_emptymobile;"Geben Sie bitte Ihre Mobiltelefonnummer ein"
payment_novalnet_emptytelephone;"Geben Sie bitte Ihre Telefonnummer ein"
payment_novalnet_orderamtchangePin;"Der Bestellbetrag hat sich geändert, setzen Sie bitte die neue Bestellung fort."
payment_novalnet_emptypin;"PIN eingeben"
payment_novalnet_wrongpin;"Die von Ihnen eingegebene PIN ist falsch"
error_novalnet_sepa_due_date;"SEPA Fälligkeitsdatum Ungültiger"

config_novalnetinvoice_guarantee_configuration;"Einstellungen für die Zahlungsgarantie"
config_novalnetinvoice_guaruntee_minimum;"Mindestbestellbetrag (in der kleinsten Währungseinheit, z.B. 100 Cent = entsprechen 1.00 EUR)"
config_description_novalnetinvoice_guaruntee_minimum;"Diese Einstellung überschreibt die Standardeinstellung für den Mindest-Bestellbetrag. Anmerkung: der Mindest-Bestellbetrag sollte größer oder gleich 9,99 EUR sein."
config_novalnetsepa_guarantee_configuration;"Einstellungen für die Zahlungsgarantie"
config_novalnetsepa_guaruntee_minimum;"Mindestbestellbetrag (in der kleinsten Währungseinheit, z.B. 100 Cent = entsprechen 1.00 EUR)"
config_description_novalnetsepa_guaruntee_minimum;"Diese Einstellung überschreibt die Standardeinstellung für den Mindest-Bestellbetrag. Anmerkung: der Mindest-Bestellbetrag sollte größer oder gleich 9,99 EUR sein."
novalnet_booked_message;"Ihre Bestellung wurde mit einem Betrag von %s gebucht. Ihre neue TID für den gebuchten Betrag:%s "
not_valid_guarantee_input;"Enter Valid guarantee inputs!"
guarantee_error_msg;"Die Zahlung kann nicht verarbeitet werden, da die grundlegenden Anforderungen für die Zahlungsgarantie nicht erfüllt wurden ( %s )"
guarantee_error_msg_amt;"Der Mindestbestellwert beträgt %s EUR"
guarantee_error_msg_cur;"Als Währung ist nur EUR erlaubt"
guarantee_error_msg_country;"Als Land ist nur Deutschland, Österreich oder Schweiz erlaubt"
guarantee_error_msg_address;"Die Lieferadresse muss mit der Rechnungsadresse übereinstimmen"
email_notification_message;"Sehr geehrte Kundin,<br />wir möchten Sie darüber informieren, dass eine Testbestellung (%s) kürzlich in Ihrem Shop durchgeführt wurde. Stellen Sie bitte sicher, dass für Ihr Projekt im Novalnet-Administrationsportal der Live-Modus gesetzt wurde und Zahlungen über Novalnet in Ihrem Shopsystem aktiviert sind.
Ignorieren Sie bitte diese E-Mail, falls die Bestellung von Ihnen zu Testzwecken durchgeführt wurde.<br />Mit freundlichen Grüßen<br />Novalnet AG"
email_notification_subject;"Benachrichtigung zu Novalnet-Testbestellung - %s"
version11_suc_msg;"Danke, dass Sie das neueste Zahlungs-Plugin von Novalnet installiert / aktualisiert haben. Um mehr über die Einstellungen und Merkmale zu erfahren, gehen Sie bitte zum Reiter Pluginbeschreibung"
plugin_topic1;"<b>Novalnet Zahlungs-Plugin V11.3.0</b>"
plugin_topic1_content;"Das Novalnet Payment Plugin für Shopware 5 ist eine End-to-End-Lösung für die Full-Service-Verarbeitung von internationalen und lokalen Zahlungen auf der ganzen Welt. Durch die Anbindung an die Novalnet-Plattform stellt es sicher, dass Ihre Transaktionen durch ein Höchstmaß an Sicherheit geschützt sind. Zu diesem Zweck wird die Novalnet AG jährlich in einem umfassenden Sicherheitsaudit sowohl von der BaFin als auch nach dem Payment Card Industry Data Security Standard (PCI DSS) auf der höchsten Stufe 1 geprüft und zertifiziert."
guarantee_text;"Diese Transaktion wird mit Zahlungsgarantie verarbeitet"
pending_guarantee_text;"Ihre Bestellung ist unter Bearbeitung. Sobald diese bestätigt wurde, erhalten Sie alle notwendigen Informationen zum Ausgleich der Rechnung. Wir bitten Sie zu beachten, dass dieser Vorgang bis zu 24 Stunden andauern kann."
pending_guarantee_text_sepa;"Ihre Bestellung wird derzeit überprüft. Wir werden Sie in Kürze über den Bestellstatus informieren. Bitte beachten Sie, dass dies bis zu 24 Stunden dauern kann."
cashpayment_slip_exp_date;"Verfallsdatum des Zahlscheins"
cashpayment_store;"Barzahlen-Partnerfiliale in Ihrer Nähe"
novalnet_amount_cashpayment_date_update;"Sind Sie sicher, dass sie den Bestellbetrag / das Ablaufdatum des Zahlscheins ändern wollen?"
config_novalnetcc_manual_check_limit;"Mindesttransaktionsbetrag für die Autorisierung"
config_novalnetsepa_manual_check_limit;"Mindesttransaktionsbetrag für die Autorisierung "
config_novalnetinvoice_manual_check_limit;"Mindesttransaktionsbetrag für die Autorisierung "
config_novalnetpaypal_manual_check_limit;"Mindesttransaktionsbetrag für die Autorisierung "
config_novalnetcc_force_cc3d;"3D-Secure-Zahlungen außerhalb der EU erzwingen"
config_description_novalnetcc_force_cc3d;"Wenn Sie diese Option aktivieren, werden alle Zahlungen mit Karten, die außerhalb der EU ausgegeben wurden, mit der starken Kundenauthentifizierung (Strong Customer Authentication, SCA) von 3D-Secure 2.0 authentifiziert."
trans_novalnet_confirm_due_date;"Die Transaktion mit der TID %s wurde erfolgreich bestätigt und das Fälligkeitsdatum auf %s gesetzt"
novalnet_callback_executed_trans_confirm_due_date;"Die Transaktion mit der TID %s wurde erfolgreich bestätigt und das Fälligkeitsdatum auf %s gesetzt"
novalnet_payment_transdetails_info;"Novalnet-Transaktionsdetails"
novalnet_order_mail;"Bestellbestätigung - Ihre Bestellung %s bei %s wurde bestätigt!"
novalnet_order_mail_body;"Wir freuen uns Ihnen mitteilen zu können, dass Ihre Bestellung bestätigt wurde."
novalnet_order_mail_body_salutation;"Sehr geehrte(r) Frau/Herr"
